<?xml version="1.0" encoding="UTF-8"?>
<config xmlns="http://www.knime.org/2008/09/XMLConfig" xmlns:xsi="http://www.w3.org/2001/XMLSchema-instance" xsi:schemaLocation="http://www.knime.org/2008/09/XMLConfig http://www.knime.org/XMLConfig_2008_09.xsd" key="db_session">
    <config key="Session Info">
        <entry key="sessionID" type="xstring" value="f31bc1f8-1f17-418d-a8e0-dbd8fc41c9f4"/>
        <entry key="dbTypeId" type="xstring" value="mysql"/>
        <entry key="dialectId" type="xstring" value="mysql"/>
        <entry key="dbURL" type="xstring" value="jdbc:mysql://localhost:3306/term_project2"/>
        <entry key="authenticationType" type="xstring" value="USER_PWD"/>
        <entry key="dbUser" type="xstring" value="root"/>
        <entry key="dbPassword" type="xpassword" value="01F437D8619EF9BFDA2C83B7358A3154DD"/>
    </config>
    <config key="Driver Definition">
        <entry key="driverId" type="xstring" value="MySQL 8"/>
        <entry key="driverName" type="xstring" value="MySQL 8"/>
        <entry key="driverVersion" type="xstring" value="8.0.0"/>
        <entry key="driverClass" type="xstring" value="com.mysql.cj.jdbc.Driver"/>
        <entry key="driverDescription" type="xstring" value=""/>
        <entry key="driverOrigin" type="xstring" value="EXTENSION"/>
    </config>
    <config key="Attributes"/>
</config>
